{"cameraMode":{"drawMode":0,"name":"Shaded","section":"Shading Mode"},"sceneLighting":true,"audioPlay":false,"sceneViewState":{"m_AlwaysRefresh":false,"showFog":true,"showSkybox":true,"showFlares":true,"showImageEffects":true,"showParticleSystems":true,"showVisualEffectGraphs":true,"m_FxEnabled":true},"in2DMode":false,"pivot":{"x":0.5845028758049011,"y":0.1804763823747635,"z":0.3011547923088074},"rotation":{"x":-0.012803740799427033,"y":-0.9857036471366882,"z":0.1432408094406128,"w":-0.08803711831569672},"size":1.3961318731307984,"orthographic":false}